,index,modelo,precio,combustible,CV,km,lugar,año,link
0,60,Volkswagen Caddy 2.0TDI Kombi 4M 90kW,14.800 €,  Diesel,Unknown,                 90.000 km             ,                              Lleida             ,                                  2016             ,https://www.coches.com/coches-segunda-mano/ocasion-volkswagen-caddy-20tdi-kombi-4m-90kw-en-lleida.htm?id=6843255
1,61,Volkswagen Touareg 3.0TDI V6,6.999 €,  Diesel,Unknown,                 290.000 km             ,                              Sevilla             ,                                  2006             ,https://www.coches.com/coches-segunda-mano/ocasion-volkswagen-touareg-30tdi-v6-en-sevilla.htm?id=6842370
2,62,Mercedes Clase GLCGLC 250d 4Matic Aut.,33.600 €,  Diesel,Unknown,                 152.000 km             ,                              Madrid             ,                                  2017             ,https://www.coches.com/coches-segunda-mano/ocasion-mercedes-clase+glc-glc-250d-4matic-aut-en-madrid.htm?id=6842256
3,63,Citroen Berlingo BlueHDi S&S Talla M Shine 100,16.900 €,  Diesel,Unknown,                 124.335 km             ,                              Madrid             ,                                  2018             ,https://www.coches.com/coches-segunda-mano/ocasion-citroen-berlingo-bluehdi-s_s-talla-m-shine-100-en-madrid.htm?id=6841596
4,64,Bmw X4 xDrive 20d,28.000 €,  Diesel,Unknown,                 190.234 km             ,                              Almeria             ,                                  2015             ,https://www.coches.com/coches-segunda-mano/ocasion-bmw-x4-xdrive-20d-en-almeria.htm?id=6841334
5,65,Land Rover Range … 3.0SDV6 HSE 306 Aut.,37.100 €,  Diesel,Unknown,                 169.800 km             ,                              Almeria             ,                                  2016             ,https://www.coches.com/coches-segunda-mano/ocasion-land+rover-range+rover+sport-30sdv6-hse-306-aut-en-almeria.htm?id=6841188
6,66,Renault Espace 1.6dCi Energy Zen 96kW,18.000 €,  Diesel,Unknown,                 117.414 km             ,                              Almeria             ,                                  2017             ,https://www.coches.com/coches-segunda-mano/ocasion-renault-espace-16dci-energy-zen-96kw-en-almeria.htm?id=6840099
7,67,Toyota Yaris 1.5 Active,11.990 €,  Gasolina,Unknown,                 50.760 km             ,                              Valencia             ,                                  2018             ,https://www.coches.com/coches-segunda-mano/ocasion-toyota-yaris-15-active-en-valencia.htm?id=6839363
8,68,Renault ScénicGrand  1.6dCi Zen 96kW,21.000 €,  Diesel,Unknown,                 50.000 km             ,                              Lleida             ,                                  2018             ,https://www.coches.com/coches-segunda-mano/ocasion-renault-scenic-grand--16dci-zen-96kw-en-lleida.htm?id=6838759
9,69,Citroen C1 1.0 VTi City Edition 72,12.490 €,  Gasolina,Unknown,                 7.766 km             ,                              Zaragoza             ,                                  2021             ,https://www.coches.com/km0/seminuevo-citroen-c1-10-vti-city-edition-72-en-zaragoza.htm?id=6836869
10,70,Renault ScénicGrand  1.5dCi Energy Limited 7pl.,14.490 €,  Diesel,Unknown,                 98.040 km             ,                              Zaragoza             ,                                  2016             ,https://www.coches.com/coches-segunda-mano/ocasion-renault-scenic-grand--15dci-energy-limited-7pl-en-zaragoza.htm?id=6836843
11,71,Renault Kangoo Fg. 1.5dCi Profesional 66kW,9.000 €,  Diesel,Unknown,                 131.000 km             ,                              Murcia             ,                                  2017             ,https://www.coches.com/coches-segunda-mano/ocasion-renault-kangoo-fg-15dci-profesional-66kw-en-murcia.htm?id=6836773
12,72,Citroen Berlingo Multispace 1.6HDi Tonic 75,7.500 €,  Diesel,Unknown,                 253.000 km             ,                              Murcia             ,                                  2014             ,https://www.coches.com/coches-segunda-mano/ocasion-citroen-berlingo-multispace-16hdi-tonic-75-en-murcia.htm?id=6836769
13,73,Peugeot Partner Tepee 1.6BlueHDI Access 100,10.900 €,  Diesel,Unknown,                 175.000 km             ,                              Murcia             ,                                  2017             ,https://www.coches.com/coches-segunda-mano/ocasion-peugeot-partner-tepee-16bluehdi-access-100-en-murcia.htm?id=6835099
14,74,Mazda CX-3 2.0 Skyactiv-G Zenith 2WD 89kW,18.900 €,  Gasolina,Unknown,                 38.124 km             ,                              Valencia             ,                                  2019             ,https://www.coches.com/coches-segunda-mano/ocasion-mazda-cx-3-20-skyactiv-g-zenith-2wd-89kw-en-valencia.htm?id=6832295
15,75,Opel Astra 1.5D S/S GS Line 122,19.500 €,  Diesel,Unknown,                 10.682 km             ,                              Pontevedra             ,                                  2021             ,https://www.coches.com/coches-segunda-mano/ocasion-opel-astra-15d-ss-gs-line-122-en-pontevedra.htm?id=6831729
16,76,Nissan Navara 2.3dCi Doble Cabina Acenta,27.700 €,  Diesel,Unknown,                 1 km             ,                              Asturias             ,                                  2022             ,https://www.coches.com/km0/seminuevo-nissan-navara-23dci-doble-cabina-acenta-en-asturias.htm?id=6831687
17,77,Bmw X5 sDrive 25dA,35.900 €,  Diesel,Unknown,                 90.000 km             ,                              Madrid             ,                                  2018             ,https://www.coches.com/coches-segunda-mano/ocasion-bmw-x5-sdrive-25da-en-madrid.htm?id=6828923
18,78,Bmw Serie 3320i Cabrio,17.900 €,  Gasolina,Unknown,                 134.000 km             ,                              Madrid             ,                                  2012             ,https://www.coches.com/coches-segunda-mano/ocasion-bmw-serie+3-320i-cabrio-en-madrid.htm?id=6828557
19,79,Ford Ranger 2.0 Ecoblue DCb. Raptor 4x4 Aut. 213,36.990 €,  Diesel,Unknown,                 5 km             ,                              Valladolid             ,                                  2021             ,https://www.coches.com/km0/seminuevo-ford-ranger-20-ecoblue-dcb-raptor-4x4-aut-213-en-valladolid.htm?id=6827949
20,80,Volkswagen Passat 2.0TDI CR Advance,4.900 €,  Diesel,Unknown,                 275.000 km             ,                              Madrid             ,                                  2008             ,https://www.coches.com/coches-segunda-mano/ocasion-volkswagen-passat-20tdi-cr-advance-en-madrid.htm?id=6831713
21,81,Nissan Micra IG-T Acenta 100,13.900 €,  Gasolina,Unknown,                 15.200 km             ,                              Asturias             ,                                  2020             ,https://www.coches.com/coches-segunda-mano/ocasion-nissan-micra-ig-t-acenta-100-en-asturias.htm?id=6831695
22,82,Volkswagen Golf 1.6TDI CR Sport 105,7.900 €,  Diesel,Unknown,                 189.000 km             ,                              Pontevedra             ,                                  2011             ,https://www.coches.com/coches-segunda-mano/ocasion-volkswagen-golf-16tdi-cr-sport-105-en-pontevedra.htm?id=6829253
23,83,Nissan Qashqai 1.6dCi Tekna+ 4x2,26.900 €,  Diesel,Unknown,                 71.320 km             ,                              Valencia             ,                                  2018             ,https://www.coches.com/coches-segunda-mano/ocasion-nissan-qashqai-16dci-tekna+-4x2-en-valencia.htm?id=6829109
24,84,Bmw X5 sDrive 25dA,35.900 €,  Diesel,Unknown,                 90.000 km             ,                              Madrid             ,                                  2018             ,https://www.coches.com/coches-segunda-mano/ocasion-bmw-x5-sdrive-25da-en-madrid.htm?id=6828923
25,85,Ford Focus 1.6TDCi Titanium 109,3.900 €,  Diesel,Unknown,                 190.000 km             ,                              Valencia             ,                                  2007             ,https://www.coches.com/coches-segunda-mano/ocasion-ford-focus-16tdci-titanium-109-en-valencia.htm?id=6828743
26,86,Mercedes Clase CC 250CDI BE Avantgarde 4M 7G Plus,16.900 €,  Diesel,Unknown,                 180.000 km             ,                              Madrid             ,                                  2012             ,https://www.coches.com/coches-segunda-mano/ocasion-mercedes-clase+c-c-250cdi-be-avantgarde-4m-7g-plus-en-madrid.htm?id=6828709
27,87,Seat León 1.5 TSI S&S FR 150,23.995 €,  Gasolina,Unknown,                 23.500 km             ,                              Murcia             ,                                  2020             ,https://www.coches.com/coches-segunda-mano/ocasion-seat-leon-15-tsi-s_s-fr-150-en-murcia.htm?id=6828561
28,88,Bmw Serie 3320i Cabrio,17.900 €,  Gasolina,Unknown,                 134.000 km             ,                              Madrid             ,                                  2012             ,https://www.coches.com/coches-segunda-mano/ocasion-bmw-serie+3-320i-cabrio-en-madrid.htm?id=6828557
29,89,Opel Astra GTC 2.0 T S/S OPC,18.900 €,  Gasolina,Unknown,                 104.000 km             ,                              Madrid             ,                                  2013             ,https://www.coches.com/coches-segunda-mano/ocasion-opel-astra-gtc-20-t-ss-opc-en-madrid.htm?id=6826139
30,90,Peugeot 508 SW 2.0HDI Business Line 140,11.950 €,  Diesel,Unknown,                 129.000 km             ,                              Madrid             ,                                  2014             ,https://www.coches.com/coches-segunda-mano/ocasion-peugeot-508-sw-20hdi-business-line-140-en-madrid.htm?id=6823657
31,91,Peugeot 208 1.5 BlueHDi S&S Active Pack 100,17.500 €,  Diesel,Unknown,                 10 km             ,                              Madrid             ,                                  2022             ,https://www.coches.com/km0/seminuevo-peugeot-208-15-bluehdi-s_s-active-pack-100-en-madrid.htm?id=6823033
32,92,Peugeot 208 1.5 BlueHDi S&S Active Pack 100,17.995 €,  Diesel,Unknown,                 0 km             ,                              Valencia             ,                                  2022             ,https://www.coches.com/km0/seminuevo-peugeot-208-15-bluehdi-s_s-active-pack-100-en-valencia.htm?id=6822601
33,93,Peugeot 208 1.2 Puretech S&S Active Pack 75,14.995 €,  Gasolina,Unknown,                 0 km             ,                              Valencia             ,                                  2022             ,https://www.coches.com/km0/seminuevo-peugeot-208-12-puretech-s_s-active-pack-75-en-valencia.htm?id=6822591
34,94,Ford Focus Sportbreak 1.0 Ecoboost ST Line,18.500 €,  Gasolina,Unknown,                 40.098 km             ,                              Lleida             ,                                  2019             ,https://www.coches.com/coches-segunda-mano/ocasion-ford-focus-sportbreak-10-ecoboost-st-line-en-lleida.htm?id=6821469
35,95,Bmw Serie 1118d,5.400 €,  Diesel,Unknown,                 182.000 km             ,                              Murcia             ,                                  2006             ,https://www.coches.com/coches-segunda-mano/ocasion-bmw-serie+1-118d-en-murcia.htm?id=6820821
36,96,Nissan Juke 1.6i Tekna Premium Piel 18´´,13.500 €,  Gasolina,Unknown,                 27.000 km             ,                              Tarragona             ,                                  2014             ,https://www.coches.com/coches-segunda-mano/ocasion-nissan-juke-16i-tekna-premium-piel-18-en-tarragona.htm?id=6820459
37,97,Mitsubishi ASX 180DI-D Motion,10.990 €,  Diesel,Unknown,                 128.000 km             ,                              Tenerife             ,                                  2014             ,https://www.coches.com/coches-segunda-mano/ocasion-mitsubishi-asx-180di-d-motion-en-tenerife.htm?id=6820191
38,98,Peugeot 508 1.2 PureTech S&S Active Pack EAT8 130,28.453 €,  Gasolina,Unknown,                 3 km             ,                              Madrid             ,                                  2022             ,https://www.coches.com/km0/seminuevo-peugeot-508-12-puretech-s_s-active-pack-eat8-130-en-madrid.htm?id=6819967
39,99,Audi A5 Sportback 2.0TDI 150,16.390 €,  Diesel,Unknown,                 149.000 km             ,                              Granada             ,                                  2014             ,https://www.coches.com/coches-segunda-mano/ocasion-audi-a5-sportback-20tdi-150-en-granada.htm?id=6819425
40,0,                 Peugeot Partner  Tepee 1.6BlueHDI             ,11.990 €, Diesel, 100 cv,                 140.000 km             ,"                  Palmas, Las             ",                  2015             ,https://www.coches.com/coches-segunda-mano/ocasion-peugeot-partner-tepee-16bluehdi-active-100-en-palmas+las.htm?id=6801546
41,1,                 Bmw X3  xDrive 20dA             ,25.900 €, Diesel, 190 cv,                 136.000 km             ,                  Segovia             ,                  2017             ,https://www.coches.com/coches-segunda-mano/ocasion-bmw-x3-xdrive-20da-en-segovia.htm?id=6794114
42,2,                 Ford Focus  Sportbreak 1.0             ,21.340 €, Gasolina, 125 cv,                 2.900 km             ,                  Valencia             ,                  2021             ,https://www.coches.com/km0/seminuevo-ford-focus-sportbreak-10-ecoboost-st-line-x-125-en-valencia.htm?id=6776038
43,3,                 Hyundai Santa Fe Grand  2.2CRDi Style             ,25.950 €, Diesel, 200 cv,                 91.994 km             ,                  Sevilla             ,                  2017             ,https://www.coches.com/coches-segunda-mano/ocasion-hyundai-santa+fe-grand--22crdi-style-4x4-aut-200-en-sevilla.htm?id=6773580
44,4,                 Bmw Serie 1 118i             ,11.885 €, Gasolina, 170 cv,                 134.408 km             ,                  Barcelona             ,                  2012             ,https://www.coches.com/coches-segunda-mano/ocasion-bmw-serie+1-118i-en-barcelona.htm?id=6747681
45,5,                 Audi Q3  35 TDI Advanced S             ,31.490 €, Diesel, 150 cv,                 75.000 km             ,                  Zaragoza             ,                  2019             ,https://www.coches.com/coches-segunda-mano/ocasion-audi-q3-35-tdi-advanced-s-tronic-110kw-en-zaragoza.htm?id=6738491
46,6,                 Renault Mégane  1.5dCi Life 95             ,8.100 €, Diesel, 95 cv,                 109.100 km             ,                  Madrid             ,                  2014             ,https://www.coches.com/coches-segunda-mano/ocasion-renault-megane-15dci-life-95-en-madrid.htm?id=6696784
47,7,                 Peugeot Partner  Furgón Electric             ,10.600 €, Eléctrico, 67 cv,                 116.070 km             ,                  Sevilla             ,                  2014             ,https://www.coches.com/coches-segunda-mano/ocasion-peugeot-partner-furgon-electric-confort-l2-en-sevilla.htm?id=6691302
48,8,                 Bmw X1  xDrive 20dA             ,23.949 €, Diesel, 190 cv,                 87.000 km             ,                  Madrid             ,                  2017             ,https://www.coches.com/coches-segunda-mano/ocasion-bmw-x1-xdrive-20da-en-madrid.htm?id=6679348
49,9,                 Seat Ateca  1.5 EcoTSI S&S Style             ,24.200 €, Gasolina, 150 cv,                 21.000 km             ,                  Cordoba             ,                  2021             ,https://www.coches.com/coches-segunda-mano/ocasion-seat-ateca-15-ecotsi-s_s-style-dsg-en-cordoba.htm?id=6651010
50,10,                 Kia Sportage  1.6 T-GDi Drive             ,23.900 €, Gasolina, 150 cv,                 0 km             ,                  Palencia             ,                  2022             ,https://www.coches.com/km0/seminuevo-kia-sportage-16-t-gdi-drive-en-palencia.htm?id=6650802
51,11,                 Land Rover  2.0 I4 MHEV             ,46.170 €, Gasolina, 200 cv,                 14.309 km             ,                  Valencia             ,                  2019             ,https://www.coches.com/coches-segunda-mano/ocasion-land+rover-range+rover+evoque-20-i4-mhev-r-dynamic-s-awd-aut-200-en-valencia.htm?id=6590889
52,12,                 Toyota Yaris  125 S-Edition             ,14.600 €, Gasolina, 125 cv,                 14.877 km             ,                  Cadiz             ,                  2021             ,https://www.coches.com/coches-segunda-mano/ocasion-toyota-yaris-125-s-edition-en-cadiz.htm?id=6557709
53,13,                 Renault Mégane  1.3 TCe GPF             ,13.900 €, Gasolina, 140 cv,                 52.680 km             ,                  Madrid             ,                  2018             ,https://www.coches.com/coches-segunda-mano/ocasion-renault-megane-13-tce-gpf-business-103kw-en-madrid.htm?id=5826503
54,14,                 Citroen C4  Picasso 1.6e-HDi             ,9.750 €, Diesel, 115 cv,                 150.000 km             ,                  Madrid             ,                  2015             ,https://www.coches.com/coches-segunda-mano/ocasion-citroen-c4-picasso-16e-hdi-exclusive-115-en-madrid.htm?id=6846177
55,15,                 Renault Mégane  1.2 TCE Energy             ,7.990 €, Gasolina, 115 cv,                 97.000 km             ,"                  Palmas, Las             ",                  2013             ,https://www.coches.com/coches-segunda-mano/ocasion-renault-megane-12-tce-energy-expression-s_s-en-palmas+las.htm?id=6843649
56,16,                 Fiat Grande  1.3Mjt Active 90             ,2.450 €, Diesel, 90 cv,                 218.000 km             ,                  Malaga             ,                  2007             ,https://www.coches.com/coches-segunda-mano/ocasion-fiat-grande+punto-13mjt-active-90-en-malaga.htm?id=6843245
57,17,                 Renault Clio  1.5DCI Confort             ,2.495 €, Diesel, 70 cv,                 180 km             ,                  Malaga             ,                  2006             ,https://www.coches.com/coches-segunda-mano/ocasion-renault-clio-15dci-confort-dynamique-imusic-en-malaga.htm?id=6835399
58,18,                 Mini Mini  One             ,6.200 €, Gasolina, 95 cv,                 144.000 km             ,                  Madrid             ,                  2007             ,https://www.coches.com/coches-segunda-mano/ocasion-mini-mini-one-en-madrid.htm?id=6835371
59,19,                 Seat Alhambra  2.0TDi Reference             ,4.800 €, Diesel, 140 cv,                 263.000 km             ,                  Madrid             ,                  2008             ,https://www.coches.com/coches-segunda-mano/ocasion-seat-alhambra-20tdi-reference-plus-en-madrid.htm?id=6820283
60,20,                 Opel Zafira  2.2Dti 16v Elegance             ,2.800 €, Diesel, 125 cv,                 115.000 km             ,                  Malaga             ,                  2005             ,https://www.coches.com/coches-segunda-mano/ocasion-opel-zafira-22dti-16v-elegance-en-malaga.htm?id=6843223
61,21,                 Renault Clio  1.5DCI Confort             ,2.495 €, Diesel, 70 cv,                 180 km             ,                  Malaga             ,                  2006             ,https://www.coches.com/coches-segunda-mano/ocasion-renault-clio-15dci-confort-dynamique-imusic-en-malaga.htm?id=6835399
62,22,                 Fiat Panda  4x4 1.3Mjt Cross             ,3.500 €, Diesel, 70 cv,                 71.000 km             ,                  Sevilla             ,                  2007             ,https://www.coches.com/coches-segunda-mano/ocasion-fiat-panda-4x4-13mjt-cross-en-sevilla.htm?id=6820215
63,23,                 Mercedes Clase E 280 V6             ,1.999 €, Gasolina, 204 cv,                 290.000 km             ,                  Vizcaya             ,                  2002             ,https://www.coches.com/coches-segunda-mano/ocasion-mercedes-clase+e-e-280-v6-en-vizcaya.htm?id=6814075
64,24,                 Citroen C4  Picasso 1.6BlueHDI             ,7.500 €, Diesel, 120 cv,                 176 km             ,                  Lleida             ,                  2016             ,https://www.coches.com/coches-segunda-mano/ocasion-citroen-c4-picasso-16bluehdi-s_s-feel-ed-eat6-120-en-lleida.htm?id=6809725
65,25,                 Mercedes Clase GLC 220d 4Matic Aut.             ,31.900 €, Diesel, 170 cv,                 73.856 km             ,                  Badajoz             ,                  2016             ,https://www.coches.com/coches-segunda-mano/ocasion-mercedes-clase+glc-glc-220d-4matic-aut-en-badajoz.htm?id=6798262
66,26,                 Seat León  1.5 TSI S&S Style             ,19.890 €, Gasolina, 130 cv,                 18.245 km             ,                  Madrid             ,                  2021             ,https://www.coches.com/coches-segunda-mano/ocasion-seat-leon-15-tsi-s_s-style-130-en-madrid.htm?id=6779756
67,27,                 Kia Ceed  1.0 T-GDI             ,13.600 €, Gasolina, 120 cv,                 0 km             ,                  Palencia             ,                  2022             ,https://www.coches.com/km0/seminuevo-kia-ceed-10-t-gdi-eco-dynamics-concept-120-en-palencia.htm?id=6770128
68,28,                 Ford Focus  1.6 Ti-VCT Trend             ,7.000 €, Gasolina, 115 cv,                 77.892 km             ,                  Madrid             ,                  2010             ,https://www.coches.com/coches-segunda-mano/ocasion-ford-focus-16-ti-vct-trend-en-madrid.htm?id=6696780
69,29,                 Mercedes Citan  Tourer 109CDI Plus             ,10.649 €, Diesel, 90 cv,                 84.000 km             ,                  Madrid             ,                  2015             ,https://www.coches.com/coches-segunda-mano/ocasion-mercedes-citan-tourer-109cdi-plus-en-madrid.htm?id=6683570
70,30,                 Mazda Mazda3  1.5 Style 77kW             ,15.900 €, Diesel, 105 cv,                 14.742 km             ,                  Alicante             ,                  2017             ,https://www.coches.com/coches-segunda-mano/ocasion-mazda-mazda3-15-style-77kw-en-alicante.htm?id=6675388
71,31,                 Mini Mini  Cooper D             ,15.900 €, Diesel, 116 cv,                 61.000 km             ,                  Zaragoza             ,                  2015             ,https://www.coches.com/coches-segunda-mano/ocasion-mini-mini-cooper-d-en-zaragoza.htm?id=6673882
72,32,                 Volkswagen Polo  1.0 TSI Advance DSG             ,13.490 €, Gasolina, 95 cv,                 51.000 km             ,                  Tenerife             ,                  2019             ,https://www.coches.com/coches-segunda-mano/ocasion-volkswagen-polo-10-tsi-advance-dsg-70kw-en-tenerife.htm?id=6660596
73,33,                 Bmw Serie 3 320dA Gran Turismo             ,15.490 €, Diesel, 184 cv,                 149.990 km             ,                  Madrid             ,                  2014             ,https://www.coches.com/coches-segunda-mano/ocasion-bmw-serie+3-320da-gran-turismo-en-madrid.htm?id=6649200
74,34,                 Citroen Jumpy  Furgón 29 L2H1 90             ,9.900 €, Diesel, 90 cv,                 175.000 km             ,                  Granada             ,                  2012             ,https://www.coches.com/coches-segunda-mano/ocasion-citroen-jumpy-furgon-29-l2h1-90-en-granada.htm?id=6630608
75,35,                 Land Rover  2.0D I4 MHEV SE             ,71.900 €, Diesel, 204 cv,                 16.891 km             ,                  Cordoba             ,                  2021             ,https://www.coches.com/coches-segunda-mano/ocasion-land+rover-range+rover+velar-20d-i4-mhev-se-4wd-aut-204-en-cordoba.htm?id=6591679
76,36,                 Cupra Formentor  1.5 TSI 150             ,26.390 €, Gasolina, 150 cv,                 23.000 km             ,                  Madrid             ,                  2021             ,https://www.coches.com/coches-segunda-mano/ocasion-cupra-formentor-15-tsi-150-en-madrid.htm?id=6531133
77,37,                 Ford Fiesta  1.0 EcoBoost S/S ST             ,15.500 €, Gasolina, 140 cv,                 35.850 km             ,                  Madrid             ,                  2019             ,https://www.coches.com/coches-segunda-mano/ocasion-ford-fiesta-10-ecoboost-ss-st-line-140-en-madrid.htm?id=6481979
78,38,                 Bmw X2  sDrive 18d             ,27.990 €, Diesel, 150 cv,                 18.608 km             ,                  Albacete             ,                  2018             ,https://www.coches.com/coches-segunda-mano/ocasion-bmw-x2-sdrive-18d-en-albacete.htm?id=6466987
79,39,                 Hyundai Kona  1.0 TGDI Klass 4x2             ,13.500 €, Gasolina, 120 cv,                 45.000 km             ,                  Madrid             ,                  2017             ,https://www.coches.com/coches-segunda-mano/ocasion-hyundai-kona-10-tgdi-klass-4x2-en-madrid.htm?id=6442303
80,40,                 Suzuki Vitara  1.9TD Golf             ,6.000 €, Diesel, 75 cv,                 238.000 km             ,                  Girona             ,                  1998             ,https://www.coches.com/coches-segunda-mano/ocasion-suzuki-vitara-19td-golf-en-girona.htm?id=6434075
81,41,                 Volkswagen  2.0TDI Elegance             ,23.885 €, Diesel, 150 cv,                 51.000 km             ,                  Badajoz             ,                  2018             ,https://www.coches.com/coches-segunda-mano/ocasion-volkswagen-arteon-20tdi-elegance-dsg7-110kw-en-badajoz.htm?id=6251687
82,42,                 Land Rover  2.0D R-Dynamic S             ,58.900 €, Diesel, 240 cv,                 12.604 km             ,                  Valencia             ,                  2019             ,https://www.coches.com/coches-segunda-mano/ocasion-land+rover-range+rover+velar-20d-r-dynamic-s-4wd-aut-240-en-valencia.htm?id=5978501
83,43,                 Kia Soul e- Emotion             ,27.990 €, Eléctrico, 136 cv,                 1.800 km             ,"                  Palmas, Las             ",                  2020             ,https://www.coches.com/km0/seminuevo-kia-soul-e--emotion-en-palmas+las.htm?id=5921515
84,44,                 Kia Niro E- Concept             ,23.990 €, Eléctrico, 136 cv,                 2.100 km             ,"                  Palmas, Las             ",                  2020             ,https://www.coches.com/km0/seminuevo-kia-niro-e--concept-en-palmas+las.htm?id=5897575
85,45,                 Toyota Aygo  1.0 VVT-i x-play             ,11.600 €, Gasolina, 69 cv,                 17.799 km             ,                  Cadiz             ,                  2018             ,https://www.coches.com/coches-segunda-mano/ocasion-toyota-aygo-10-vvt-i-x-play-en-cadiz.htm?id=6848565
86,46,                 Peugeot 3008  1.2 S&S PureTech             ,22.700 €, Gasolina, 130 cv,                 18.317 km             ,                  Sevilla             ,                  2019             ,https://www.coches.com/coches-segunda-mano/ocasion-peugeot-3008-12-s_s-puretech-active-130-en-sevilla.htm?id=6848559
87,47,                 Opel Corsa  1.3CDTI Business75             ,8.800 €, Diesel, 75 cv,                 165.000 km             ,                  Valencia             ,                  2017             ,https://www.coches.com/coches-segunda-mano/ocasion-opel-corsa-13cdti-business75-en-valencia.htm?id=6846837
88,48,                 Fiat 500X  1.0 Firefly S&S Urban             ,15.000 €, Gasolina, 120 cv,                 24.345 km             ,                  Pontevedra             ,                  2019             ,https://www.coches.com/coches-segunda-mano/ocasion-fiat-500x-10-firefly-s_s-urban-en-pontevedra.htm?id=6846317
89,49,                 Hyundai Santa Fe  2.2CRDi Style F 7pl.             ,11.000 €, Diesel, 155 cv,                 153.000 km             ,                  Madrid             ,                  2007             ,https://www.coches.com/coches-segunda-mano/ocasion-hyundai-santa+fe-22crdi-style-f-7pl-aut-en-madrid.htm?id=6846237
90,50,                 Mercedes Clase E Coupé 500 Aut.             ,21.500 €, Gasolina, 388 cv,                 120.000 km             ,                  Madrid             ,                  2010             ,https://www.coches.com/coches-segunda-mano/ocasion-mercedes-clase+e-e-coupe-500-aut-en-madrid.htm?id=6846221
91,51,                 Opel Vectra  1.9CDTI 8v Essentia             ,3.500 €, Diesel, 100 cv,                 272.000 km             ,                  Valencia             ,                  2008             ,https://www.coches.com/coches-segunda-mano/ocasion-opel-vectra-19cdti-8v-essentia-en-valencia.htm?id=6846201
92,52,                 Fiat Punto  1.3Mjt 16v Feel/Class             ,2.500 €, Diesel, 70 cv,                 226.000 km             ,                  Valencia             ,                  2007             ,https://www.coches.com/coches-segunda-mano/ocasion-fiat-punto-13mjt-16v-feelclass-en-valencia.htm?id=6846193
93,53,                 Audi A3 RS3 Sedán TFSI             ,57.900 €, Gasolina, 400 cv,                 6.000 km             ,                  Huelva             ,                  2020             ,https://www.coches.com/km0/seminuevo-audi-a3-rs3-sedan-tfsi-quattro-s-tronic-294kw-en-huelva.htm?id=6846063
94,54,                 Mini Countryman Mini  John Cooper             ,31.900 €, Gasolina, 231 cv,                 104.000 km             ,                  Huelva             ,                  2018             ,https://www.coches.com/coches-segunda-mano/ocasion-mini-countryman-mini--john-cooper-works-all4-aut-en-huelva.htm?id=6846011
95,55,                 Nissan Qashqai  1.5dCi Acenta 4x2             ,8.300 €, Diesel, 110 cv,                 168.000 km             ,                  Madrid             ,                  2011             ,https://www.coches.com/coches-segunda-mano/ocasion-nissan-qashqai-15dci-acenta-4x2-en-madrid.htm?id=6844715
96,56,                 Volkswagen  2.0TDI Highline DSG             ,7.990 €, Diesel, 140 cv,                 174.000 km             ,                  Granada             ,                  2008             ,https://www.coches.com/coches-segunda-mano/ocasion-volkswagen-touran-20tdi-highline-dsg-en-granada.htm?id=6844705
97,57,                 Opel Astra  ST 1.6CDTi S/S             ,15.400 €, Diesel, 136 cv,                 56.000 km             ,                  Lleida             ,                  2019             ,https://www.coches.com/coches-segunda-mano/ocasion-opel-astra-st-16cdti-ss-selective-pro-136-en-lleida.htm?id=6844505
98,58,                 Volkswagen Golf  Sportsvan 1.2 TSI             ,12.900 €, Gasolina, 110 cv,                 91.809 km             ,                  Pontevedra             ,                  2014             ,https://www.coches.com/coches-segunda-mano/ocasion-volkswagen-golf-sportsvan-12-tsi-bmt-edition-en-pontevedra.htm?id=6843753
99,59,                 Toyota Corolla  125H Business             ,20.000 €, Híbrido, 122 cv,                 32.859 km             ,                  Pontevedra             ,                  2020             ,https://www.coches.com/coches-segunda-mano/ocasion-toyota-corolla-125h-business-en-pontevedra.htm?id=6843743
100,100,                 Jeep Compass  2.0 Mjt Limited AWD             ,20.800 €, Diesel, 140 cv,                 100.571 km             ,                  Barcelona             ,                  2018             ,https://www.coches.com/coches-segunda-mano/ocasion-jeep-compass-20-mjt-limited-awd-atx-aut-103kw-en-barcelona.htm?id=6819035
101,101,                 Mazda Mazda3  2.0 Black Tech Edition             ,16.500 €, Gasolina, 120 cv,                 45.876 km             ,                  Valencia             ,                  2018             ,https://www.coches.com/coches-segunda-mano/ocasion-mazda-mazda3-20-black-tech-edition-88kw-en-valencia.htm?id=6817933
102,102,                 Volkswagen  1.0 TSI Advance Style             ,21.495 €, Gasolina, 109 cv,                 2.600 km             ,                  Barcelona             ,                  2021             ,https://www.coches.com/km0/seminuevo-volkswagen-t-roc-10-tsi-advance-style-81kw-en-barcelona.htm?id=6817925
103,103,                 Renault Trafic  Furgón 29 L2H1 dCi             ,19.900 €, Diesel, 95 cv,                 105.582 km             ,                  Lleida             ,                  2019             ,https://www.coches.com/coches-segunda-mano/ocasion-renault-trafic-furgon-29-l2h1-dci-70kw-en-lleida.htm?id=6817521
104,104,                 Subaru Justy  1.0L Limited             ,2.499 €, Gasolina, 70 cv,                 210.000 km             ,                  Vizcaya             ,                  2008             ,https://www.coches.com/coches-segunda-mano/ocasion-subaru-justy-10l-limited-en-vizcaya.htm?id=6814073
105,105,                 Hyundai Getz  1.1             ,2.499 €, Gasolina, 63 cv,                 90.000 km             ,                  Vizcaya             ,                  2004             ,https://www.coches.com/coches-segunda-mano/ocasion-hyundai-getz-11-en-vizcaya.htm?id=6814069
106,106,                 Opel Astra  1.3CDTi Energy             ,3.899 €, Diesel, 90 cv,                 197.000 km             ,                  Almeria             ,                  2009             ,https://www.coches.com/coches-segunda-mano/ocasion-opel-astra-13cdti-energy-ecoflex-en-almeria.htm?id=6813985
107,107,                 Mini Mini  Cooper             ,4.400 €, Gasolina, 115 cv,                 126.000 km             ,                  Malaga             ,                  2005             ,https://www.coches.com/coches-segunda-mano/ocasion-mini-mini-cooper-en-malaga.htm?id=6813333
108,108,                 Seat León  1.4 TSI ACT S&S FR             ,17.900 €, Gasolina, 150 cv,                 51.900 km             ,"                  Coruña, A             ",                  2017             ,https://www.coches.com/coches-segunda-mano/ocasion-seat-leon-14-tsi-act-s_s-fr-150-en-coruna+a.htm?id=6813161
109,109,                 Peugeot 208  1.2 Puretech S&S             ,14.995 €, Gasolina, 75 cv,                 0 km             ,                  Valencia             ,                  2022             ,https://www.coches.com/km0/seminuevo-peugeot-208-12-puretech-s_s-active-pack-75-en-valencia.htm?id=6813121
110,110,                 Peugeot 208  1.5 BlueHDi S&S             ,17.995 €, Diesel, 100 cv,                 0 km             ,                  Valencia             ,                  2022             ,https://www.coches.com/km0/seminuevo-peugeot-208-15-bluehdi-s_s-active-pack-100-en-valencia.htm?id=6813109
111,111,                 Peugeot Expert  Fg. Standard             ,15.694 €, Diesel, 95 cv,                 100.499 km             ,                  Sevilla             ,                  2019             ,https://www.coches.com/coches-segunda-mano/ocasion-peugeot-expert-fg-standard-16bluehdi-premium-95-en-sevilla.htm?id=6812767
112,112,                 Opel Crossland  1.2 S&S Ultimate 130             ,23.900 €, Gasolina, 130 cv,                 5 km             ,                  Valladolid             ,                  2022             ,https://www.coches.com/km0/seminuevo-opel-crossland-12-s_s-ultimate-130-aut-en-valladolid.htm?id=6811995
113,113,                 Ford Kuga  1.5 EcoBoost ST-Line             ,25.500 €, Gasolina, 150 cv,                 8.500 km             ,                  Valladolid             ,                  2021             ,https://www.coches.com/km0/seminuevo-ford-kuga-15-ecoboost-st-line-x-fwd-150-en-valladolid.htm?id=6811973
114,114,                 Ford Focus  Sportbreak 1.0             ,20.800 €, Gasolina, 125 cv,                 5 km             ,                  Valladolid             ,                  2022             ,https://www.coches.com/km0/seminuevo-ford-focus-sportbreak-10-ecoboost-mhev-st-line-en-valladolid.htm?id=6811969
115,115,                 Mercedes EQA  250             ,55.795 €, Eléctrico, 190 cv,                 0 km             ,                  Madrid             ,                  2022             ,https://www.coches.com/km0/seminuevo-mercedes-eqa-250-en-madrid.htm?id=6811211
116,116,                 Seat Arona  1.0 TSI S&S Style 110             ,17.990 €, Gasolina, 110 cv,                 0 km             ,                  Madrid             ,                  2022             ,https://www.coches.com/km0/seminuevo-seat-arona-10-tsi-s_s-style-110-en-madrid.htm?id=6811041
117,117,                 Peugeot 3008  1.5BlueHDi Active             ,29.999 €, Diesel, 130 cv,                 2 km             ,                  Madrid             ,                  2022             ,https://www.coches.com/km0/seminuevo-peugeot-3008-15bluehdi-active-pack-s_s-130-en-madrid.htm?id=6811001
118,118,                 Seat Ateca  1.5 EcoTSI S&S FR             ,33.990 €, Gasolina, 150 cv,                 0 km             ,                  Madrid             ,                  2022             ,https://www.coches.com/km0/seminuevo-seat-ateca-15-ecotsi-s_s-fr-dsg-en-madrid.htm?id=6810907
119,119,                 Peugeot 208  1.2 Puretech S&S             ,14.229 €, Gasolina, 75 cv,                 2 km             ,                  Madrid             ,                  2022             ,https://www.coches.com/km0/seminuevo-peugeot-208-12-puretech-s_s-active-75-en-madrid.htm?id=6810747
120,120,                 Opel Mokka  X 1.4T S&S Selective             ,13.990 €, Gasolina, 140 cv,                 31.208 km             ,"                  Rioja, La             ",                  2018             ,https://www.coches.com/coches-segunda-mano/ocasion-opel-mokka-x-14t-s_s-selective-4x2-en-rioja+la.htm?id=6803684
121,121,                 Opel Meriva  1.4 NEL Selective 120             ,10.500 €, Gasolina, 120 cv,                 38.233 km             ,                  Palencia             ,                  2014             ,https://www.coches.com/coches-segunda-mano/ocasion-opel-meriva-14-nel-selective-120-en-palencia.htm?id=6803604
122,122,                 Ford Transit  Van 1.5TDCi Trend             ,16.500 €, Diesel, 100 cv,                 5 km             ,                  Valladolid             ,                  2022             ,https://www.coches.com/km0/seminuevo-ford-transit+courier-van-15tdci-trend-100-en-valladolid.htm?id=6802986
123,123,                 Renault Kangoo  Fg. 1.5dCi Profesional             ,10.990 €, Diesel, 75 cv,                 70.124 km             ,"                  Palmas, Las             ",                  2015             ,https://www.coches.com/coches-segunda-mano/ocasion-renault-kangoo-fg-15dci-profesional-gen5-55kw-en-palmas+las.htm?id=6801956
124,124,                 Mercedes Clase A 180d 7G-DCT             ,31.990 €, Diesel, 116 cv,                 43.000 km             ,"                  Palmas, Las             ",                  2018             ,https://www.coches.com/coches-segunda-mano/ocasion-mercedes-clase+a-a-180d-7g-dct-en-palmas+las.htm?id=6801908
125,125,                 Nissan Qashqai  1.5dCi Tekna+ 4x2             ,21.990 €, Diesel, 115 cv,                 45.000 km             ,"                  Palmas, Las             ",                  2018             ,https://www.coches.com/coches-segunda-mano/ocasion-nissan-qashqai-15dci-tekna+-4x2-85kw-en-palmas+las.htm?id=6801638
126,126,                 Peugeot 208  1.5 BlueHDi S&S GT             ,20.900 €, Diesel, 100 cv,                 22.299 km             ,                  Madrid             ,                  2020             ,https://www.coches.com/coches-segunda-mano/ocasion-peugeot-208-15-bluehdi-s_s-gt-line-100-en-madrid.htm?id=6799916
127,127,                 Toyota Corolla  Sedán 125H Active             ,19.990 €, Híbrido, 122 cv,                 25.200 km             ,                  Badajoz             ,                  2019             ,https://www.coches.com/coches-segunda-mano/ocasion-toyota-corolla-sedan-125h-active-tech-en-badajoz.htm?id=6798460
128,128,                 Renault Captur  TCe Energy Zen             ,15.990 €, Gasolina, 120 cv,                 48.000 km             ,                  Badajoz             ,                  2018             ,https://www.coches.com/coches-segunda-mano/ocasion-renault-captur-tce-energy-zen-87kw-en-badajoz.htm?id=6798430
129,129,                 Opel Adam  1.4 XEL S&S Glam             ,10.900 €, Gasolina, 87 cv,                 45.850 km             ,                  Badajoz             ,                  2016             ,https://www.coches.com/coches-segunda-mano/ocasion-opel-adam-14-xel-s_s-glam-en-badajoz.htm?id=6798374
130,130,                 Opel Tigra  1.4i 16v             ,2.499 €, Gasolina, 90 cv,                 180.000 km             ,                  Vizcaya             ,                  1997             ,https://www.coches.com/coches-segunda-mano/ocasion-opel-tigra-14i-16v-en-vizcaya.htm?id=6798042
131,131,                 Audi A4  2.0TDI 110kW             ,23.000 €, Diesel, 150 cv,                 70.617 km             ,                  Granada             ,                  2017             ,https://www.coches.com/coches-segunda-mano/ocasion-audi-a4-20tdi-110kw-en-granada.htm?id=6797030
132,132,                 Volkswagen  1.5 TSI ACT Advance             ,19.780 €, Gasolina, 150 cv,                 52.000 km             ,                  Granada             ,                  2019             ,https://www.coches.com/coches-segunda-mano/ocasion-volkswagen-passat-15-tsi-act-advance-110kw-en-granada.htm?id=6795070
133,133,                 Jaguar F-Pace  2.0D l4 MHEV             ,67.900 €, Diesel, 204 cv,                 18.692 km             ,                  Cadiz             ,                  2021             ,https://www.coches.com/coches-segunda-mano/ocasion-jaguar-f-pace-20d-l4-mhev-standard-se-aut-awd-204-en-cadiz.htm?id=6793428
134,134,                 Kia Sportage  1.6 GDi Concept 4x2             ,16.500 €, Gasolina, 132 cv,                 56.000 km             ,                  Tarragona             ,                  2017             ,https://www.coches.com/coches-segunda-mano/ocasion-kia-sportage-16-gdi-concept-4x2-en-tarragona.htm?id=6792562
135,135,                 Seat Tarraco  2.0TDI S&S FR             ,36.900 €, Diesel, 150 cv,                 25.620 km             ,                  Barcelona             ,                  2021             ,https://www.coches.com/coches-segunda-mano/ocasion-seat-tarraco-20tdi-s_s-fr-dsg-7-150-en-barcelona.htm?id=6792132
136,136,                 Opel Crossland  X 1.2T S&S             ,14.700 €, Gasolina, 130 cv,                 60.830 km             ,                  Sevilla             ,                  2019             ,https://www.coches.com/coches-segunda-mano/ocasion-opel-crossland-x-12t-s_s-innovation-130-en-sevilla.htm?id=6790148
137,137,                 Ford Ka + 1.19 Ti-VCT Active             ,12.580 €, Gasolina, 85 cv,                 18.740 km             ,                  Valencia             ,                  2019             ,https://www.coches.com/coches-segunda-mano/ocasion-ford-ka-+-119-ti-vct-active-en-valencia.htm?id=6789492
138,138,                 Volkswagen  1.4 TSI             ,15.200 €, Gasolina, 122 cv,                 88.057 km             ,                  Madrid             ,                  2014             ,https://www.coches.com/coches-segunda-mano/ocasion-volkswagen-scirocco-14-tsi-en-madrid.htm?id=6788654
139,139,                 Citroen Jumpy  Fg. BlueHDI Talla M             ,18.475 €, Diesel, 95 cv,                 107.020 km             ,                  Sevilla             ,                  2019             ,https://www.coches.com/coches-segunda-mano/ocasion-citroen-jumpy-fg-bluehdi-talla-m-confort-95-en-sevilla.htm?id=6788240
